Where was John Doe born?	London
Where was John Doe born?	London
Where was John Doe born?	London
Where was John Doe born?	London
Where was John Doe born?	London
Where was John Doe born?	London
Where was John Doe born?	London
Where was John Doe born?	London
Where was John Doe born?	London
Where was John Doe born?	London
Where was John Doe born?	London
Where was John Doe born?	London
Where was John Doe born?	London
Where was John Doe born?	London
Where was John Doe born?	London
Where was John Doe born?	London
Where was John Doe born?	London
Where was John Doe born?	London
Where was John Doe born?	London
Where was John Doe born?	London
Where was John Doe born?	London
Where was John Doe born?	London
Where was John Doe born?	London
Where was John Doe born?	London
Where was John Doe born?	London
Where was John Doe born?	London
Where was John Doe born?	London
Where was John Doe born?	London
Where was John Doe born?	London
Where was John Doe born?	London
Where was John Doe born?	London
Where was John Doe born?	London
Where was John Doe born?	London
Where was John Doe born?	London
Where was John Doe born?	London
Where was John Doe born?	London
Where was John Doe born?	London
Where was John Doe born?	London
Where was John Doe born?	London
Where was John Doe born?	London
Where was John Doe born?	London
Where was John Doe born?	London
Where was John Doe born?	London
Where was John Doe born?	London
Where was John Doe born?	London
Where was John Doe born?	London
Where was John Doe born?	London
Where was John Doe born?	London
Where was John Doe born?	London
Where was John Doe born?	London
Where was John Doe born?	London
Where was John Doe born?	London
Where was John Doe born?	London
Where was John Doe born?	London
Where was John Doe born?	London
Where was John Doe born?	London
Where was John Doe born?	London
Where was John Doe born?	London
Where was John Doe born?	London
Where was John Doe born?	London
Where was John Doe born?	London
Where was John Doe born?	London
Where was John Doe born?	London
Where was John Doe born?	London
Where was John Doe born?	London
Where was John Doe born?	London
Where was John Doe born?	London
Where was John Doe born?	London
Where was John Doe born?	London
Where was John Doe born?	London
Where was John Doe born?	London
Where was John Doe born?	London
Where was John Doe born?	London
Where was John Doe born?	London
Where was John Doe born?	London
Where was John Doe born?	London
Where was John Doe born?	London
Where was John Doe born?	London
Where was John Doe born?	London
Where was John Doe born?	London
Where was John Doe born?	London
Where was John Doe born?	London
Where was John Doe born?	London
Where was John Doe born?	London
Where was John Doe born?	London
Where was John Doe born?	London
Where was John Doe born?	London
Where was John Doe born?	London
Where was John Doe born?	London
Where was John Doe born?	London
Where was John Doe born?	London
Where was John Doe born?	London
Where was John Doe born?	London
Where was John Doe born?	London
Where was John Doe born?	London
Where was John Doe born?	London
Where was John Doe born?	London
Where was John Doe born?	London
Where was John Doe born?	London
Where was John Doe born?	London
Where was John Doe born?	London
Where was John Doe born?	London
Where was John Doe born?	London
Where was John Doe born?	London
Where was John Doe born?	London
Where was John Doe born?	London
Where was John Doe born?	London
Where was John Doe born?	London
Where was John Doe born?	London
Where was John Doe born?	London
Where was John Doe born?	London
Where was John Doe born?	London
Where was John Doe born?	London
Where was John Doe born?	London
Where was John Doe born?	London
Where was John Doe born?	London
Where was John Doe born?	London
Where was John Doe born?	London
Where was John Doe born?	London
Where was John Doe born?	London
Where was John Doe born?	London
Where was John Doe born?	London
Where was John Doe born?	London
Where was John Doe born?	London
Where was John Doe born?	London
Where was John Doe born?	London
Where was John Doe born?	London
Where was John Doe born?	London
Where was John Doe born?	London
Where was John Doe born?	London
Where was John Doe born?	London
Where was John Doe born?	London
Where was John Doe born?	London
Where was John Doe born?	London
Where was John Doe born?	London
Where was John Doe born?	London
Where was John Doe born?	London
Where was John Doe born?	London
Where was John Doe born?	London
Where was John Doe born?	London
Where was John Doe born?	London
Where was John Doe born?	London
Where was John Doe born?	London
Where was John Doe born?	London
Where was John Doe born?	London
Where was John Doe born?	London
Where was John Doe born?	London
Where was John Doe born?	London
Where was John Doe born?	London
Where was John Doe born?	London
Where was John Doe born?	London
Where was John Doe born?	London
Where was John Doe born?	London
Where was John Doe born?	London
Where was John Doe born?	London
Where was John Doe born?	London
Where was John Doe born?	London
Where was John Doe born?	London
Where was John Doe born?	London
Where was John Doe born?	London
Where was John Doe born?	London
Where was John Doe born?	London
Where was John Doe born?	London
Where was John Doe born?	London
Where was John Doe born?	London
Where was John Doe born?	London
Where was John Doe born?	London
Where was John Doe born?	London
Where was John Doe born?	London
Where was John Doe born?	London
Where was John Doe born?	London
Where was John Doe born?	London
Where was John Doe born?	London
Where was John Doe born?	London
Where was John Doe born?	London
Where was John Doe born?	London
Where was John Doe born?	London
Where was John Doe born?	London
Where was John Doe born?	London
Where was John Doe born?	London
Where was John Doe born?	London
Where was John Doe born?	London
Where was John Doe born?	London
Where was John Doe born?	London
Where was John Doe born?	London
Where was John Doe born?	London
Where was John Doe born?	London
Where was John Doe born?	London
Where was John Doe born?	London
Where was John Doe born?	London
Where was John Doe born?	London
Where was John Doe born?	London
Where was John Doe born?	London
Where was John Doe born?	London
Where was John Doe born?	London
Where was John Doe born?	London
Where was John Doe born?	London
Where was John Doe born?	London
Where was John Doe born?	London
Where was John Doe born?	London
Where was John Doe born?	London
Where was John Doe born?	London
Where was John Doe born?	London
Where was John Doe born?	London
Where was John Doe born?	London
Where was John Doe born?	London
Where was John Doe born?	London
Where was John Doe born?	London
Where was John Doe born?	London
Where was John Doe born?	London
Where was John Doe born?	London
Where was John Doe born?	London
Where was John Doe born?	London
Where was John Doe born?	London
Where was John Doe born?	London
Where was John Doe born?	London
Where was John Doe born?	London
Where was John Doe born?	London
Where was John Doe born?	London
Where was John Doe born?	London
Where was John Doe born?	London
Where was John Doe born?	London
Where was John Doe born?	London
Where was John Doe born?	London
Where was John Doe born?	London
Where was John Doe born?	London
Where was John Doe born?	London
Where was John Doe born?	London
Where was John Doe born?	London
Where was John Doe born?	London
Where was John Doe born?	London
Where was John Doe born?	London
Where was John Doe born?	London
Where was John Doe born?	London
Where was John Doe born?	London
Where was John Doe born?	London
Where was John Doe born?	London
Where was John Doe born?	London
Where was John Doe born?	London
Where was John Doe born?	London
Where was John Doe born?	London
Where was John Doe born?	London
Where was John Doe born?	London
Where was John Doe born?	London
Where was John Doe born?	London
Where was John Doe born?	London
Where was John Doe born?	London
Where was John Doe born?	London
Where was John Doe born?	London
Where was John Doe born?	London
Where was John Doe born?	London
Where was John Doe born?	London
Where was John Doe born?	London
Where was John Doe born?	London
Where was John Doe born?	London
Where was John Doe born?	London
Where was John Doe born?	London
Where was John Doe born?	London
Where was John Doe born?	London
Where was John Doe born?	London
Where was John Doe born?	London
Where was John Doe born?	London
Where was John Doe born?	London
Where was John Doe born?	London
Where was John Doe born?	London
Where was John Doe born?	London
Where was John Doe born?	London
Where was John Doe born?	London
Where was John Doe born?	London
Where was John Doe born?	London
Where was John Doe born?	London
Where was John Doe born?	London
Where was John Doe born?	London
Where was John Doe born?	London
Where was John Doe born?	London
Where was John Doe born?	London
Where was John Doe born?	London
Where was John Doe born?	London
Where was John Doe born?	London
Where was John Doe born?	London
Where was John Doe born?	London
Where was John Doe born?	London
Where was John Doe born?	London
Where was John Doe born?	London
Where was John Doe born?	London
Where was John Doe born?	London
Where was John Doe born?	London
Where was John Doe born?	London
Where was John Doe born?	London
Where was John Doe born?	London
Where was John Doe born?	London
Where was John Doe born?	London
Where was John Doe born?	London
Where was John Doe born?	London
Where was John Doe born?	London
Where was John Doe born?	London
Where was John Doe born?	London
Where was John Doe born?	London
Where was John Doe born?	London
Where was John Doe born?	London
Where was John Doe born?	London
Where was John Doe born?	London
Where was John Doe born?	London
Where was John Doe born?	London
Where was John Doe born?	London
Where was John Doe born?	London
Where was John Doe born?	London
Where was John Doe born?	London
Where was John Doe born?	London
Where was John Doe born?	London
Where was John Doe born?	London
Where was John Doe born?	London
Where was John Doe born?	London
Where was John Doe born?	London
Where was John Doe born?	London
Where was John Doe born?	London
Where was John Doe born?	London
Where was John Doe born?	London
Where was John Doe born?	London
Where was John Doe born?	London
Where was John Doe born?	London
Where was John Doe born?	London
Where was John Doe born?	London
Where was John Doe born?	London
Where was John Doe born?	London
Where was John Doe born?	London
Where was John Doe born?	London
Where was John Doe born?	London
Where was John Doe born?	London
Where was John Doe born?	London
Where was John Doe born?	London
Where was John Doe born?	London
Where was John Doe born?	London
Where was John Doe born?	London
Where was John Doe born?	London
Where was John Doe born?	London
Where was John Doe born?	London
Where was John Doe born?	London
Where was John Doe born?	London
Where was John Doe born?	London
Where was John Doe born?	London
Where was John Doe born?	London
Where was John Doe born?	London
Where was John Doe born?	London
Where was John Doe born?	London
Where was John Doe born?	London
Where was John Doe born?	London
Where was John Doe born?	London
Where was John Doe born?	London
Where was John Doe born?	London
Where was John Doe born?	London
Where was John Doe born?	London
Where was John Doe born?	London
Where was John Doe born?	London
Where was John Doe born?	London
Where was John Doe born?	London
Where was John Doe born?	London
Where was John Doe born?	London
Where was John Doe born?	London
Where was John Doe born?	London
Where was John Doe born?	London
Where was John Doe born?	London
Where was John Doe born?	London
Where was John Doe born?	London
Where was John Doe born?	London
Where was John Doe born?	London
Where was John Doe born?	London
Where was John Doe born?	London
Where was John Doe born?	London
Where was John Doe born?	London
Where was John Doe born?	London
Where was John Doe born?	London
Where was John Doe born?	London
Where was John Doe born?	London
Where was John Doe born?	London
Where was John Doe born?	London
Where was John Doe born?	London
Where was John Doe born?	London
Where was John Doe born?	London
Where was John Doe born?	London
Where was John Doe born?	London
Where was John Doe born?	London
Where was John Doe born?	London
Where was John Doe born?	London
Where was John Doe born?	London
Where was John Doe born?	London
Where was John Doe born?	London
Where was John Doe born?	London
Where was John Doe born?	London
Where was John Doe born?	London
Where was John Doe born?	London
Where was John Doe born?	London
Where was John Doe born?	London
Where was John Doe born?	London
Where was John Doe born?	London
Where was John Doe born?	London
Where was John Doe born?	London
Where was John Doe born?	London
Where was John Doe born?	London
Where was John Doe born?	London
Where was John Doe born?	London
Where was John Doe born?	London
Where was John Doe born?	London
Where was John Doe born?	London
Where was John Doe born?	London
Where was John Doe born?	London
Where was John Doe born?	London
Where was John Doe born?	London
Where was John Doe born?	London
Where was John Doe born?	London
Where was John Doe born?	London
Where was John Doe born?	London
Where was John Doe born?	London
Where was John Doe born?	London
Where was John Doe born?	London
Where was John Doe born?	London
Where was John Doe born?	London
Where was John Doe born?	London
Where was John Doe born?	London
Where was John Doe born?	London
Where was John Doe born?	London
Where was John Doe born?	London
Where was John Doe born?	London
Where was John Doe born?	London
Where was John Doe born?	London
Where was John Doe born?	London
Where was John Doe born?	London
Where was John Doe born?	London
Where was John Doe born?	London
Where was John Doe born?	London
Where was John Doe born?	London
Where was John Doe born?	London
Where was John Doe born?	London
Where was John Doe born?	London
Where was John Doe born?	London
Where was John Doe born?	London
Where was John Doe born?	London
Where was John Doe born?	London
Where was John Doe born?	London
Where was John Doe born?	London
Where was John Doe born?	London
Where was John Doe born?	London
Where was John Doe born?	London
Where was John Doe born?	London
Where was John Doe born?	London
Where was John Doe born?	London
Where was John Doe born?	London
Where was John Doe born?	London
Where was John Doe born?	London
Where was John Doe born?	London
Where was John Doe born?	London
Where was John Doe born?	London
Where was John Doe born?	London
Where was John Doe born?	London
Where was John Doe born?	London
Where was John Doe born?	London
Where was John Doe born?	London
Where was John Doe born?	London
Where was John Doe born?	London
Where was John Doe born?	London
Where was John Doe born?	London
Where was John Doe born?	London
Where was John Doe born?	London
Where was John Doe born?	London
Where was John Doe born?	London
Where was John Doe born?	London
Where was John Doe born?	London
Where was John Doe born?	London
Where was John Doe born?	London
Where was John Doe born?	London
Where was John Doe born?	London
Where was John Doe born?	London
Where was John Doe born?	London
Where was John Doe born?	London
Where was John Doe born?	London
Where was John Doe born?	London
Where was John Doe born?	London
Where was John Doe born?	London
Where was John Doe born?	London
Where was John Doe born?	London
Where was John Doe born?	London
Where was John Doe born?	London
Where was John Doe born?	London
Where was John Doe born?	London
Where was John Doe born?	London
Where was John Doe born?	London
Where was John Doe born?	London
Where was John Doe born?	London
Where was John Doe born?	London
Where was John Doe born?	London
Where was John Doe born?	London
Where was John Doe born?	London
Where was John Doe born?	London
Where was John Doe born?	London
Where was John Doe born?	London
Where was John Doe born?	London
Where was John Doe born?	London
Where was John Doe born?	London
Where was John Doe born?	London
Where was John Doe born?	London
Where was John Doe born?	London
Where was John Doe born?	London
Where was John Doe born?	London
Where was John Doe born?	London
Where was John Doe born?	London
Where was John Doe born?	London
Where was John Doe born?	London
Where was John Doe born?	London
Where was John Doe born?	London
Where was John Doe born?	London
Where was John Doe born?	London
Where was John Doe born?	London
Where was John Doe born?	London
Where was John Doe born?	London
Where was John Doe born?	London
Where was John Doe born?	London
Where was John Doe born?	London
Where was John Doe born?	London
Where was John Doe born?	London
Where was John Doe born?	London
Where was John Doe born?	London
Where was John Doe born?	London
Where was John Doe born?	London
Where was John Doe born?	London
Where was John Doe born?	London
Where was John Doe born?	London
Where was John Doe born?	London
Where was John Doe born?	London
Where was John Doe born?	London
Where was John Doe born?	London
Where was John Doe born?	London
Where was John Doe born?	London
Where was John Doe born?	London
Where was John Doe born?	London
Where was John Doe born?	London
Where was John Doe born?	London
Where was John Doe born?	London
Where was John Doe born?	London
Where was John Doe born?	London
Where was John Doe born?	London
Where was John Doe born?	London
Where was John Doe born?	London
Where was John Doe born?	London
Where was John Doe born?	London
Where was John Doe born?	London
Where was John Doe born?	London
Where was John Doe born?	London
Where was John Doe born?	London
Where was John Doe born?	London
Where was John Doe born?	London
Where was John Doe born?	London
Where was John Doe born?	London
Where was John Doe born?	London
Where was John Doe born?	London
Where was John Doe born?	London
Where was John Doe born?	London
Where was John Doe born?	London
Where was John Doe born?	London
Where was John Doe born?	London
Where was John Doe born?	London
Where was John Doe born?	London
Where was John Doe born?	London
Where was John Doe born?	London
Where was John Doe born?	London
Where was John Doe born?	London
Where was John Doe born?	London
Where was John Doe born?	London
Where was John Doe born?	London
Where was John Doe born?	London
Where was John Doe born?	London
Where was John Doe born?	London
Where was John Doe born?	London
Where was John Doe born?	London
Where was John Doe born?	London
Where was John Doe born?	London
Where was John Doe born?	London
Where was John Doe born?	London
Where was John Doe born?	London
Where was John Doe born?	London
Where was John Doe born?	London
Where was John Doe born?	London
Where was John Doe born?	London
Where was John Doe born?	London
Where was John Doe born?	London
Where was John Doe born?	London
Where was John Doe born?	London
Where was John Doe born?	London
Where was John Doe born?	London
Where was John Doe born?	London
Where was John Doe born?	London
Where was John Doe born?	London
Where was John Doe born?	London
Where was John Doe born?	London
Where was John Doe born?	London
Where was John Doe born?	London
Where was John Doe born?	London
Where was John Doe born?	London
Where was John Doe born?	London
Where was John Doe born?	London
Where was John Doe born?	London
Where was John Doe born?	London
Where was John Doe born?	London
Where was John Doe born?	London
Where was John Doe born?	London
Where was John Doe born?	London
Where was John Doe born?	London
Where was John Doe born?	London
Where was John Doe born?	London
Where was John Doe born?	London
Where was John Doe born?	London
Where was John Doe born?	London
Where was John Doe born?	London
Where was John Doe born?	London
Where was John Doe born?	London
Where was John Doe born?	London
Where was John Doe born?	London
Where was John Doe born?	London
Where was John Doe born?	London
Where was John Doe born?	London
Where was John Doe born?	London
Where was John Doe born?	London
Where was John Doe born?	London
Where was John Doe born?	London
Where was John Doe born?	London
Where was John Doe born?	London
Where was John Doe born?	London
Where was John Doe born?	London
Where was John Doe born?	London
Where was John Doe born?	London
Where was John Doe born?	London
Where was John Doe born?	London
Where was John Doe born?	London
Where was John Doe born?	London
Where was John Doe born?	London
Where was John Doe born?	London
Where was John Doe born?	London
Where was John Doe born?	London
Where was John Doe born?	London
Where was John Doe born?	London
Where was John Doe born?	London
Where was John Doe born?	London
Where was John Doe born?	London
Where was John Doe born?	London
Where was John Doe born?	London
Where was John Doe born?	London
Where was John Doe born?	London
Where was John Doe born?	London
Where was John Doe born?	London
Where was John Doe born?	London
Where was John Doe born?	London
Where was John Doe born?	London
Where was John Doe born?	London
Where was John Doe born?	London
Where was John Doe born?	London
Where was John Doe born?	London
Where was John Doe born?	London
Where was John Doe born?	London
Where was John Doe born?	London
Where was John Doe born?	London
Where was John Doe born?	London
Where was John Doe born?	London
Where was John Doe born?	London
Where was John Doe born?	London
Where was John Doe born?	London
Where was John Doe born?	London
Where was John Doe born?	London
Where was John Doe born?	London
Where was John Doe born?	London
Where was John Doe born?	London
Where was John Doe born?	London
Where was John Doe born?	London
Where was John Doe born?	London
Where was John Doe born?	London
Where was John Doe born?	London
Where was John Doe born?	London
Where was John Doe born?	London
Where was John Doe born?	London
Where was John Doe born?	London
Where was John Doe born?	London
Where was John Doe born?	London
Where was John Doe born?	London
Where was John Doe born?	London
Where was John Doe born?	London
Where was John Doe born?	London
Where was John Doe born?	London
Where was John Doe born?	London
Where was John Doe born?	London
Where was John Doe born?	London
Where was John Doe born?	London
Where was John Doe born?	London
Where was John Doe born?	London
Where was John Doe born?	London
Where was John Doe born?	London
Where was John Doe born?	London
Where was John Doe born?	London
Where was John Doe born?	London
Where was John Doe born?	London
Where was John Doe born?	London
Where was John Doe born?	London
Where was John Doe born?	London
Where was John Doe born?	London
Where was John Doe born?	London
Where was John Doe born?	London
Where was John Doe born?	London
Where was John Doe born?	London
Where was John Doe born?	London
Where was John Doe born?	London
Where was John Doe born?	London
Where was John Doe born?	London
Where was John Doe born?	London
Where was John Doe born?	London
Where was John Doe born?	London
Where was John Doe born?	London
Where was John Doe born?	London
Where was John Doe born?	London
Where was John Doe born?	London
Where was John Doe born?	London
Where was John Doe born?	London
Where was John Doe born?	London
Where was John Doe born?	London
Where was John Doe born?	London
Where was John Doe born?	London
Where was John Doe born?	London
Where was John Doe born?	London
Where was John Doe born?	London
Where was John Doe born?	London
Where was John Doe born?	London
Where was John Doe born?	London
Where was John Doe born?	London
Where was John Doe born?	London
Where was John Doe born?	London
Where was John Doe born?	London
Where was John Doe born?	London
Where was John Doe born?	London
Where was John Doe born?	London
Where was John Doe born?	London
Where was John Doe born?	London
Where was John Doe born?	London
Where was John Doe born?	London
Where was John Doe born?	London
Where was John Doe born?	London
Where was John Doe born?	London
Where was John Doe born?	London
Where was John Doe born?	London
Where was John Doe born?	London
Where was John Doe born?	London
Where was John Doe born?	London
Where was John Doe born?	London
Where was John Doe born?	London
Where was John Doe born?	London
Where was John Doe born?	London
Where was John Doe born?	London
Where was John Doe born?	London
Where was John Doe born?	London
Where was John Doe born?	London
Where was John Doe born?	London
Where was John Doe born?	London
Where was John Doe born?	London
Where was John Doe born?	London
Where was John Doe born?	London
Where was John Doe born?	London
Where was John Doe born?	London
Where was John Doe born?	London
Where was John Doe born?	London
Where was John Doe born?	London
Where was John Doe born?	London
Where was John Doe born?	London
Where was John Doe born?	London
Where was John Doe born?	London
Where was John Doe born?	London
Where was John Doe born?	London
Where was John Doe born?	London
Where was John Doe born?	London
Where was John Doe born?	London
Where was John Doe born?	London
Where was John Doe born?	London
Where was John Doe born?	London
Where was John Doe born?	London
Where was John Doe born?	London
Where was John Doe born?	London
Where was John Doe born?	London
Where was John Doe born?	London
Where was John Doe born?	London
Where was John Doe born?	London
Where was John Doe born?	London
Where was John Doe born?	London
Where was John Doe born?	London
Where was John Doe born?	London
Where was John Doe born?	London
Where was John Doe born?	London
Where was John Doe born?	London
Where was John Doe born?	London
Where was John Doe born?	London
Where was John Doe born?	London
Where was John Doe born?	London
Where was John Doe born?	London
Where was John Doe born?	London
Where was John Doe born?	London
Where was John Doe born?	London
Where was John Doe born?	London
Where was John Doe born?	London
Where was John Doe born?	London
Where was John Doe born?	London
Where was John Doe born?	London
Where was John Doe born?	London
Where was John Doe born?	London
Where was John Doe born?	London
Where was John Doe born?	London
Where was John Doe born?	London
Where was John Doe born?	London
Where was John Doe born?	London
Where was John Doe born?	London
Where was John Doe born?	London
Where was John Doe born?	London
Where was John Doe born?	London
Where was John Doe born?	London
Where was John Doe born?	London
Where was John Doe born?	London
Where was John Doe born?	London
Where was John Doe born?	London
Where was John Doe born?	London
Where was John Doe born?	London
Where was John Doe born?	London
Where was John Doe born?	London
Where was John Doe born?	London
Where was John Doe born?	London
Where was John Doe born?	London
Where was John Doe born?	London
Where was John Doe born?	London
Where was John Doe born?	London
Where was John Doe born?	London
Where was John Doe born?	London
Where was John Doe born?	London
Where was John Doe born?	London
Where was John Doe born?	London
Where was John Doe born?	London
Where was John Doe born?	London
Where was John Doe born?	London
Where was John Doe born?	London
Where was John Doe born?	London
Where was John Doe born?	London
Where was John Doe born?	London
Where was John Doe born?	London
Where was John Doe born?	London
Where was John Doe born?	London
Where was John Doe born?	London
Where was John Doe born?	London
Where was John Doe born?	London
Where was John Doe born?	London
Where was John Doe born?	London
Where was John Doe born?	London
Where was John Doe born?	London
Where was John Doe born?	London
Where was John Doe born?	London
Where was John Doe born?	London
Where was John Doe born?	London
Where was John Doe born?	London
Where was John Doe born?	London
Where was John Doe born?	London
Where was John Doe born?	London
Where was John Doe born?	London
Where was John Doe born?	London
Where was John Doe born?	London
Where was John Doe born?	London
Where was John Doe born?	London
Where was John Doe born?	London
Where was John Doe born?	London
Where was John Doe born?	London
Where was John Doe born?	London
Where was John Doe born?	London
Where was John Doe born?	London
Where was John Doe born?	London
Where was John Doe born?	London
Where was John Doe born?	London
Where was John Doe born?	London
Where was John Doe born?	London
Where was John Doe born?	London
Where was John Doe born?	London
Where was John Doe born?	London
Where was John Doe born?	London
Where was John Doe born?	London
Where was John Doe born?	London
Where was John Doe born?	London
Where was John Doe born?	London
Where was John Doe born?	London
Where was John Doe born?	London
Where was John Doe born?	London
Where was John Doe born?	London
Where was John Doe born?	London
Where was John Doe born?	London
Where was John Doe born?	London
Where was John Doe born?	London
Where was John Doe born?	London
Where was John Doe born?	London
Where was John Doe born?	London
Where was John Doe born?	London
Where was John Doe born?	London
Where was John Doe born?	London
Where was John Doe born?	London
Where was John Doe born?	London
Where was John Doe born?	London
Where was John Doe born?	London
Where was John Doe born?	London
Where was John Doe born?	London
Where was John Doe born?	London
Where was John Doe born?	London
Where was John Doe born?	London
Where was John Doe born?	London
Where was John Doe born?	London
Where was John Doe born?	London
Where was John Doe born?	London
Where was John Doe born?	London
Where was John Doe born?	London
Where was John Doe born?	London
Where was John Doe born?	London
Where was John Doe born?	London
Where was John Doe born?	London
Where was John Doe born?	London
Where was John Doe born?	London
Where was John Doe born?	London
Where was John Doe born?	London
Where was John Doe born?	London
Where was John Doe born?	London
Where was John Doe born?	London
Where was John Doe born?	London
Where was John Doe born?	London
Where was John Doe born?	London
Where was John Doe born?	London
Where was John Doe born?	London
Where was John Doe born?	London
Where was John Doe born?	London
Where was John Doe born?	London
Where was John Doe born?	London
Where was John Doe born?	London
Where was John Doe born?	London
Where was John Doe born?	London
Where was John Doe born?	London
Where was John Doe born?	London
Where was John Doe born?	London
Where was John Doe born?	London
Where was John Doe born?	London
Where was John Doe born?	London
Where was John Doe born?	London
Where was John Doe born?	London
Where was John Doe born?	London
Where was John Doe born?	London
Where was John Doe born?	London
Where was John Doe born?	London
Where was John Doe born?	London
Where was John Doe born?	London
Where was John Doe born?	London
Where was John Doe born?	London
Where was John Doe born?	London
Where was John Doe born?	London
Where was John Doe born?	London
Where was John Doe born?	London
Where was John Doe born?	London
Where was John Doe born?	London
Where was John Doe born?	London
Where was John Doe born?	London
Where was John Doe born?	London
Where was John Doe born?	London
Where was John Doe born?	London
Where was John Doe born?	London
Where was John Doe born?	London
Where was John Doe born?	London
Where was John Doe born?	London
Where was John Doe born?	London
Where was John Doe born?	London
Where was John Doe born?	London
Where was John Doe born?	London
Where was John Doe born?	London
Where was John Doe born?	London
Where was John Doe born?	London
Where was John Doe born?	London
Where was John Doe born?	London
Where was John Doe born?	London
Where was John Doe born?	London
Where was John Doe born?	London
Where was John Doe born?	London
Where was John Doe born?	London
Where was John Doe born?	London
Where was John Doe born?	London
Where was John Doe born?	London
Where was John Doe born?	London
Where was John Doe born?	London
Where was John Doe born?	London
Where was John Doe born?	London
Where was John Doe born?	London
Where was John Doe born?	London
Where was John Doe born?	London
Where was John Doe born?	London
Where was John Doe born?	London
Where was John Doe born?	London
Where was John Doe born?	London
Where was John Doe born?	London
Where was John Doe born?	London
Where was John Doe born?	London
Where was John Doe born?	London
Where was John Doe born?	London
Where was John Doe born?	London
Where was John Doe born?	London
Where was John Doe born?	London
Where was John Doe born?	London
Where was John Doe born?	London
Where was John Doe born?	London
Where was John Doe born?	London
Where was John Doe born?	London
Where was John Doe born?	London
Where was John Doe born?	London
Where was John Doe born?	London
Where was John Doe born?	London
Where was John Doe born?	London
Where was John Doe born?	London
Where was John Doe born?	London
Where was John Doe born?	London
Where was John Doe born?	London
Where was John Doe born?	London
Where was John Doe born?	London
Where was John Doe born?	London
Where was John Doe born?	London
Where was John Doe born?	London
Where was John Doe born?	London
Where was John Doe born?	London
Where was John Doe born?	London
Where was John Doe born?	London
Where was John Doe born?	London
Where was John Doe born?	London
Where was John Doe born?	London
Where was John Doe born?	London
Where was John Doe born?	London
Where was John Doe born?	London
Where was John Doe born?	London
Where was John Doe born?	London
Where was John Doe born?	London
Where was John Doe born?	London
Where was John Doe born?	London
Where was John Doe born?	London
Where was John Doe born?	London
Where was John Doe born?	London
Where was John Doe born?	London
Where was John Doe born?	London
Where was John Doe born?	London
Where was John Doe born?	London
Where was John Doe born?	London
Where was John Doe born?	London
Where was John Doe born?	London
Where was John Doe born?	London
Where was John Doe born?	London
Where was John Doe born?	London
Where was John Doe born?	London
Where was John Doe born?	London
Where was John Doe born?	London
Where was John Doe born?	London
Where was John Doe born?	London
Where was John Doe born?	London
Where was John Doe born?	London
Where was John Doe born?	London
Where was John Doe born?	London
Where was John Doe born?	London
Where was John Doe born?	London
Where was John Doe born?	London
Where was John Doe born?	London
Where was John Doe born?	London
Where was John Doe born?	London
Where was John Doe born?	London
Where was John Doe born?	London
Where was John Doe born?	London
Where was John Doe born?	London
Where was John Doe born?	London
Where was John Doe born?	London
Where was John Doe born?	London
Where was John Doe born?	London
Where was John Doe born?	London
Where was John Doe born?	London
Where was John Doe born?	London
Where was John Doe born?	London
Where was John Doe born?	London
Where was John Doe born?	London
Where was John Doe born?	London
Where was John Doe born?	London
Where was John Doe born?	London
Where was John Doe born?	London
Where was John Doe born?	London
Where was John Doe born?	London
Where was John Doe born?	London
Where was John Doe born?	London
Where was John Doe born?	London
Where was John Doe born?	London
Where was John Doe born?	London
Where was John Doe born?	London
Where was John Doe born?	London
Where was John Doe born?	London
Where was John Doe born?	London
Where was John Doe born?	London
Where was John Doe born?	London
Where was John Doe born?	London
Where was John Doe born?	London
Where was John Doe born?	London
Where was John Doe born?	London
Where was John Doe born?	London
Where was John Doe born?	London
Where was John Doe born?	London
Where was John Doe born?	London
Where was John Doe born?	London
Where was John Doe born?	London
Where was John Doe born?	London
Where was John Doe born?	London
Where was John Doe born?	London
Where was John Doe born?	London
Where was John Doe born?	London
Where was John Doe born?	London
Where was John Doe born?	London
Where was John Doe born?	London
Where was John Doe born?	London
Where was John Doe born?	London
Where was John Doe born?	London
Where was John Doe born?	London
Where was John Doe born?	London
Where was John Doe born?	London
Where was John Doe born?	London
Where was John Doe born?	London
Where was John Doe born?	London
Where was John Doe born?	London
Where was John Doe born?	London
Where was John Doe born?	London
Where was John Doe born?	London
Where was John Doe born?	London
Where was John Doe born?	London
Where was John Doe born?	London
Where was John Doe born?	London
Where was John Doe born?	London
Where was John Doe born?	London
Where was John Doe born?	London
Where was John Doe born?	London
Where was John Doe born?	London
Where was John Doe born?	London
Where was John Doe born?	London
Where was John Doe born?	London
Where was John Doe born?	London
Where was John Doe born?	London
Where was John Doe born?	London
Where was John Doe born?	London
Where was John Doe born?	London
Where was John Doe born?	London
Where was John Doe born?	London
Where was John Doe born?	London
Where was John Doe born?	London
Where was John Doe born?	London
Where was John Doe born?	London
Where was John Doe born?	London
Where was John Doe born?	London
Where was John Doe born?	London
Where was John Doe born?	London
Where was John Doe born?	London
Where was John Doe born?	London
Where was John Doe born?	London
Where was John Doe born?	London
Where was John Doe born?	London
Where was John Doe born?	London
Where was John Doe born?	London
Where was John Doe born?	London
Where was John Doe born?	London
Where was John Doe born?	London
Where was John Doe born?	London
Where was John Doe born?	London
Where was John Doe born?	London
Where was John Doe born?	London
Where was John Doe born?	London
Where was John Doe born?	London
Where was John Doe born?	London
Where was John Doe born?	London
Where was John Doe born?	London
Where was John Doe born?	London
Where was John Doe born?	London
Where was John Doe born?	London
Where was John Doe born?	London
Where was John Doe born?	London
Where was John Doe born?	London
Where was John Doe born?	London
Where was John Doe born?	London
Where was John Doe born?	London
Where was John Doe born?	London
Where was John Doe born?	London
Where was John Doe born?	London
Where was John Doe born?	London
Where was John Doe born?	London
Where was John Doe born?	London
Where was John Doe born?	London
Where was John Doe born?	London
Where was John Doe born?	London
Where was John Doe born?	London
Where was John Doe born?	London
Where was John Doe born?	London
Where was John Doe born?	London
Where was John Doe born?	London
Where was John Doe born?	London
Where was John Doe born?	London
Where was John Doe born?	London
Where was John Doe born?	London
Where was John Doe born?	London
Where was John Doe born?	London
Where was John Doe born?	London
Where was John Doe born?	London
Where was John Doe born?	London
Where was John Doe born?	London
Where was John Doe born?	London
Where was John Doe born?	London
Where was John Doe born?	London
Where was John Doe born?	London
Where was John Doe born?	London
Where was John Doe born?	London
Where was John Doe born?	London
Where was John Doe born?	London
Where was John Doe born?	London
Where was John Doe born?	London
Where was John Doe born?	London
Where was John Doe born?	London
Where was John Doe born?	London
Where was John Doe born?	London
Where was John Doe born?	London
Where was John Doe born?	London
Where was John Doe born?	London
Where was John Doe born?	London
Where was John Doe born?	London
Where was John Doe born?	London
Where was John Doe born?	London
Where was John Doe born?	London
Where was John Doe born?	London
Where was John Doe born?	London
Where was John Doe born?	London
Where was John Doe born?	London
Where was John Doe born?	London
Where was John Doe born?	London
Where was John Doe born?	London
Where was John Doe born?	London
Where was John Doe born?	London
Where was John Doe born?	London
Where was John Doe born?	London
Where was John Doe born?	London
Where was John Doe born?	London
Where was John Doe born?	London
Where was John Doe born?	London
Where was John Doe born?	London
Where was John Doe born?	London
Where was John Doe born?	London
Where was John Doe born?	London
Where was John Doe born?	London
Where was John Doe born?	London
Where was John Doe born?	London
Where was John Doe born?	London
Where was John Doe born?	London
Where was John Doe born?	London
Where was John Doe born?	London
Where was John Doe born?	London
Where was John Doe born?	London
Where was John Doe born?	London
Where was John Doe born?	London
Where was John Doe born?	London
Where was John Doe born?	London
Where was John Doe born?	London
Where was John Doe born?	London
Where was John Doe born?	London
Where was John Doe born?	London
Where was John Doe born?	London
Where was John Doe born?	London
Where was John Doe born?	London
Where was John Doe born?	London
Where was John Doe born?	London
Where was John Doe born?	London
Where was John Doe born?	London
Where was John Doe born?	London
Where was John Doe born?	London
Where was John Doe born?	London
Where was John Doe born?	London
Where was John Doe born?	London
Where was John Doe born?	London
Where was John Doe born?	London
Where was John Doe born?	London
Where was John Doe born?	London
Where was John Doe born?	London
Where was John Doe born?	London
Where was John Doe born?	London
Where was John Doe born?	London
Where was John Doe born?	London
Where was John Doe born?	London
Where was John Doe born?	London
Where was John Doe born?	London
Where was John Doe born?	London
Where was John Doe born?	London
Where was John Doe born?	London
Where was John Doe born?	London
Where was John Doe born?	London
Where was John Doe born?	London
Where was John Doe born?	London
Where was John Doe born?	London
Where was John Doe born?	London
Where was John Doe born?	London
Where was John Doe born?	London
Where was John Doe born?	London
Where was John Doe born?	London
Where was John Doe born?	London
Where was John Doe born?	London
Where was John Doe born?	London
Where was John Doe born?	London
Where was John Doe born?	London
Where was John Doe born?	London
Where was John Doe born?	London
Where was John Doe born?	London
Where was John Doe born?	London
Where was John Doe born?	London
Where was John Doe born?	London
Where was John Doe born?	London
Where was John Doe born?	London
Where was John Doe born?	London
Where was John Doe born?	London
Where was John Doe born?	London
Where was John Doe born?	London
Where was John Doe born?	London
Where was John Doe born?	London
Where was John Doe born?	London
Where was John Doe born?	London
Where was John Doe born?	London
Where was John Doe born?	London
Where was John Doe born?	London
Where was John Doe born?	London
Where was John Doe born?	London
Where was John Doe born?	London
Where was John Doe born?	London
Where was John Doe born?	London
Where was John Doe born?	London
Where was John Doe born?	London
Where was John Doe born?	London
Where was John Doe born?	London
Where was John Doe born?	London
Where was John Doe born?	London
Where was John Doe born?	London
Where was John Doe born?	London
Where was John Doe born?	London
Where was John Doe born?	London
Where was John Doe born?	London
Where was John Doe born?	London
Where was John Doe born?	London
Where was John Doe born?	London
Where was John Doe born?	London
Where was John Doe born?	London
Where was John Doe born?	London
Where was John Doe born?	London
Where was John Doe born?	London
Where was John Doe born?	London
Where was John Doe born?	London
Where was John Doe born?	London
Where was John Doe born?	London
Where was John Doe born?	London
Where was John Doe born?	London
Where was John Doe born?	London
Where was John Doe born?	London
Where was John Doe born?	London
Where was John Doe born?	London
Where was John Doe born?	London
Where was John Doe born?	London
Where was John Doe born?	London
Where was John Doe born?	London
Where was John Doe born?	London
Where was John Doe born?	London
Where was John Doe born?	London
Where was John Doe born?	London
Where was John Doe born?	London
Where was John Doe born?	London
Where was John Doe born?	London
Where was John Doe born?	London
Where was John Doe born?	London
Where was John Doe born?	London
Where was John Doe born?	London
Where was John Doe born?	London
Where was John Doe born?	London
Where was John Doe born?	London
Where was John Doe born?	London
Where was John Doe born?	London
Where was John Doe born?	London
Where was John Doe born?	London
Where was John Doe born?	London
Where was John Doe born?	London
Where was John Doe born?	London
Where was John Doe born?	London
Where was John Doe born?	London
Where was John Doe born?	London
Where was John Doe born?	London
Where was John Doe born?	London
Where was John Doe born?	London
Where was John Doe born?	London
Where was John Doe born?	London
Where was John Doe born?	London
Where was John Doe born?	London
Where was John Doe born?	London
Where was John Doe born?	London
Where was John Doe born?	London
Where was John Doe born?	London
Where was John Doe born?	London
Where was John Doe born?	London
Where was John Doe born?	London
Where was John Doe born?	London
Where was John Doe born?	London
Where was John Doe born?	London
Where was John Doe born?	London
Where was John Doe born?	London
Where was John Doe born?	London
Where was John Doe born?	London
Where was John Doe born?	London
Where was John Doe born?	London
Where was John Doe born?	London
Where was John Doe born?	London
Where was John Doe born?	London
Where was John Doe born?	London
Where was John Doe born?	London
Where was John Doe born?	London
Where was John Doe born?	London
Where was John Doe born?	London
Where was John Doe born?	London
Where was John Doe born?	London
Where was John Doe born?	London
Where was John Doe born?	London
Where was John Doe born?	London
Where was John Doe born?	London
Where was John Doe born?	London
Where was John Doe born?	London
Where was John Doe born?	London
Where was John Doe born?	London
